slot	6392
source	n2
target	n1
big_hash_fields	500000
big_hash_memory_usage	24472169
source_probe	migrate_started 1790219688225
source_probe	OK
source_probe	migrate_finished 1790219688445
source_probe	0.080 0.080 0.080 1
source_probe	0.080 0.088 0.084 2
source_probe	0.074 0.088 0.081 3
source_probe	0.074 0.088 0.082 4
source_probe	0.074 0.102 0.086 5
source_probe	0.074 0.102 0.086 6
source_probe	0.074 0.107 0.089 7
source_probe	0.074 0.107 0.088 8
source_probe	0.074 0.107 0.090 9
source_probe	0.074 0.107 0.090 10
source_probe	0.074 0.164 0.097 11
source_probe	0.074 0.164 0.099 12
source_probe	0.074 0.164 0.103 13
source_probe	0.074 0.212 0.111 14
source_probe	0.074 1.028 0.172 15
source_probe	0.074 1.028 0.168 16
source_probe	0.074 1.028 0.165 17
source_probe	0.074 1.028 0.162 18
source_probe	0.074 1.028 0.163 19
source_probe	0.074 1.028 0.159 20
source_probe	0.072 1.028 0.155 21
source_probe	0.072 1.028 0.152 22
source_probe	0.072 1.028 0.163 23
source_probe	0.072 1.028 0.160 24
source_probe	0.072 1.028 0.157 25
source_probe	0.065 1.028 0.154 26
source_probe	0.065 1.028 0.151 27
source_probe	0.065 1.028 0.149 28
source_probe	0.065 1.028 0.147 29
source_probe	0.065 1.028 0.144 30
source_probe	0.065 1.028 0.142 31
source_probe	0.063 1.028 0.139 32
source_probe	0.063 1.028 0.137 33
source_probe	0.060 1.028 0.135 34
source_probe	0.060 1.028 0.134 35
source_probe	0.060 1.028 0.132 36
source_probe	0.060 1.028 0.131 37
source_probe	0.060 1.028 0.129 38
source_probe	0.060 1.028 0.127 39
source_probe	0.060 1.028 0.126 40
source_probe	0.060 1.028 0.125 41
source_probe	0.060 1.028 0.124 42
source_probe	0.060 1.028 0.123 43
source_probe	0.060 1.028 0.122 44
source_probe	0.060 1.028 0.121 45
source_probe	0.060 1.028 0.121 46
source_probe	0.060 1.028 0.121 47
source_probe	0.060 1.028 0.121 48
source_probe	0.060 1.028 0.123 49
source_probe	0.060 1.028 0.124 50
source_probe	0.060 1.028 0.125 51
source_probe	0.060 1.028 0.133 52
source_probe	0.060 1.028 0.137 53
source_probe	0.060 1.028 0.138 54
source_probe	0.060 1.028 0.147 55
source_probe	0.060 1.028 0.153 56
source_probe	0.060 1.028 0.155 57
source_probe	0.060 1.028 0.158 58
source_probe	0.060 1.028 0.161 59
source_probe	0.060 1.028 0.166 60
source_probe	0.060 1.144 0.182 61
source_probe	0.060 1.144 0.183 62
source_probe	0.060 1.144 0.188 63
source_probe	0.060 1.144 0.193 64
source_probe	0.060 1.144 0.201 65
source_probe	0.060 1.144 0.204 66
source_probe	0.060 1.144 0.203 67
source_probe	0.060 1.144 0.208 68
source_probe	0.060 1.144 0.208 69
source_probe	0.060 1.144 0.209 70
source_probe	0.060 1.144 0.211 71
source_probe	0.060 1.144 0.222 72
source_probe	0.060 1.144 0.227 73
source_probe	0.060 1.144 0.228 74
source_probe	0.060 1.144 0.228 75
source_probe	0.060 1.144 0.229 76
source_probe	0.060 1.144 0.233 77
source_probe	0.060 1.144 0.233 78
source_probe	0.060 1.144 0.234 79
source_probe	0.060 1.144 0.234 80
source_probe	0.060 1.144 0.233 81
source_probe	0.060 1.144 0.234 82
source_probe	0.060 1.144 0.234 83
source_probe	0.060 1.144 0.233 84
source_probe	0.060 1.144 0.234 85
source_probe	0.060 1.144 0.234 86
source_probe	0.060 1.144 0.233 87
source_probe	 -- 1.01 seconds range
source_probe	0.185 0.185 0.185 1
source_probe	0.185 0.497 0.341 2
source_probe	0.185 0.497 0.336 3
source_probe	0.185 0.497 0.342 4
source_probe	0.185 1.103 0.494 5
source_probe	0.185 1.103 0.446 6
source_probe	0.185 1.103 0.480 7
source_probe	0.185 1.103 0.540 8
source_probe	0.185 1.103 0.517 9
source_probe	0.185 1.103 0.495 10
source_probe	0.185 1.103 0.495 11
source_probe	0.185 1.103 0.480 12
source_probe	0.185 1.198 0.535 13
source_probe	0.185 1.198 0.516 14
source_probe	0.185 1.198 0.507 15
source_probe	0.091 1.198 0.481 16
source_probe	0.091 1.198 0.460 17
source_probe	0.091 1.198 0.442 18
source_probe	0.091 1.198 0.424 19
source_probe	0.075 1.198 0.406 20
source_probe	0.075 1.198 0.392 21
source_probe	0.075 1.198 0.378 22
source_probe	0.075 1.198 0.365 23
source_probe	0.063 1.198 0.353 24
source_probe	0.063 1.198 0.341 25
source_probe	0.063 1.198 0.331 26
source_probe	0.062 1.198 0.321 27
source_probe	0.062 1.198 0.313 28
source_probe	0.062 1.198 0.305 29
source_probe	0.062 1.198 0.297 30
source_probe	0.062 1.198 0.290 31
source_probe	0.062 1.198 0.283 32
source_probe	0.062 1.198 0.277 33
source_probe	0.062 1.198 0.272 34
source_probe	0.062 1.198 0.266 35
source_probe	0.062 1.198 0.261 36
source_probe	0.062 1.198 0.256 37
source_probe	0.062 1.198 0.251 38
source_probe	0.062 1.198 0.246 39
source_probe	0.062 1.198 0.242 40
source_probe	0.062 1.198 0.239 41
source_probe	0.062 1.198 0.235 42
source_probe	0.062 1.198 0.232 43
source_probe	0.062 1.198 0.229 44
source_probe	0.062 1.198 0.227 45
source_probe	0.062 1.198 0.227 46
source_probe	0.062 1.198 0.226 47
source_probe	0.062 1.198 0.225 48
source_probe	0.062 1.198 0.223 49
source_probe	0.062 1.198 0.221 50
source_probe	0.062 1.198 0.227 51
source_probe	0.062 1.198 0.228 52
source_probe	0.062 1.198 0.231 53
source_probe	0.062 1.198 0.230 54
source_probe	0.062 4.394 0.306 55
source_probe	0.062 4.394 0.306 56
source_probe	0.062 4.394 0.307 57
source_probe	0.062 4.394 0.306 58
source_probe	0.062 4.394 0.320 59
source_probe	0.062 4.394 0.338 60
source_probe	0.062 4.394 0.346 61
source_probe	0.062 4.394 0.349 62
source_probe	0.062 4.394 0.362 63
source_probe	0.062 4.394 0.371 64
source_probe	0.062 4.394 0.370 65
source_probe	0.062 4.394 0.368 66
source_probe	0.062 4.394 0.369 67
source_probe	0.062 4.394 0.366 68
source_probe	0.062 4.394 0.365 69
source_probe	0.062 4.394 0.372 70
source_probe	0.062 4.394 0.378 71
source_probe	0.062 4.394 0.428 72
source_probe	0.062 4.394 0.426 73
source_probe	0.062 4.394 0.426 74
source_probe	0.062 4.394 0.423 75
source_probe	0.062 4.394 0.421 76
source_probe	0.062 4.394 0.419 77
source_probe	0.062 4.394 0.418 78
source_probe	0.062 4.394 0.418 79
source_probe	0.062 4.394 0.419 80
source_probe	0.062 4.394 0.418 81
source_probe	0.062 4.394 0.417 82
source_probe	0.062 4.394 0.416 83
source_probe	0.062 206.188 2.866 84
source_probe	 -- 1.22 seconds range
source_probe	0.092 0.092 0.092 1
source_probe	0.092 0.095 0.093 2
source_probe	0.069 0.095 0.085 3
source_probe	0.055 0.095 0.078 4
source_probe	0.055 0.095 0.079 5
source_probe	0.055 0.110 0.084 6
source_probe	0.055 0.110 0.085 7
source_probe	0.055 0.110 0.084 8
source_probe	0.053 0.110 0.080 9
source_probe	0.053 0.110 0.078 10
source_probe	0.053 0.110 0.080 11
source_probe	0.053 0.110 0.079 12
source_probe	0.053 0.116 0.082 13
source_probe	0.053 0.116 0.080 14
source_probe	0.053 0.116 0.079 15
source_probe	0.053 0.116 0.078 16
source_probe	0.053 0.116 0.079 17
source_probe	0.053 0.116 0.079 18
source_probe	0.053 0.116 0.080 19
source_probe	0.053 0.116 0.079 20
source_probe	0.053 0.116 0.078 21
source_probe	0.053 0.116 0.078 22
source_probe	0.053 0.116 0.077 23
source_probe	0
slowlog_on_source	0 1790219688 212265 MIGRATE 172.18.0.2 6379 {big}:hash 0 60000 127.0.0.1:48188  6
big_hash_on_target	500000
