second	ops	errors	wrong_values	p50_us	p99_us	max_us
0	14308	0	0	132	258	2172
1	15874	0	0	122	180	525
2	16330	0	0	119	177	459
3	16562	0	0	118	173	2892
4	16520	0	0	119	190	1254
5	15066	0	0	129	248	983
6	13160	0	0	133	499	2908
7	11792	0	0	133	490	3463
8	10428	0	0	136	531	1611
9	9472	0	0	142	567	1484
10	8268	0	0	163	616	1176
11	13684	0	0	135	454	5730
12	15906	0	0	122	229	2217
13	16086	0	0	121	188	685
14	16408	0	0	120	182	645
15	16668	0	0	119	176	638
16	16690	0	0	119	187	2385
17	16666	0	0	119	182	1558
