event	utc	mono_ms	target	seq	request_id	detail
workload_started	2026-09-23T18:14:22.090486715Z	2	source	1	semisync-applier-paused-1	
client_ack	2026-09-23T18:14:22.205131882Z	116	source	1	semisync-applier-paused-1	
client_ack	2026-09-23T18:14:22.227644382Z	138	source	2	semisync-applier-paused-2	
client_ack	2026-09-23T18:14:22.249871799Z	161	source	3	semisync-applier-paused-3	
client_ack	2026-09-23T18:14:22.272035049Z	183	source	4	semisync-applier-paused-4	
client_ack	2026-09-23T18:14:22.294521340Z	205	source	5	semisync-applier-paused-5	
client_ack	2026-09-23T18:14:22.316954007Z	228	source	6	semisync-applier-paused-6	
client_ack	2026-09-23T18:14:22.338959465Z	250	source	7	semisync-applier-paused-7	
client_ack	2026-09-23T18:14:22.361247465Z	272	source	8	semisync-applier-paused-8	
client_ack	2026-09-23T18:14:22.384081257Z	295	source	9	semisync-applier-paused-9	
client_ack	2026-09-23T18:14:22.406554424Z	317	source	10	semisync-applier-paused-10	
client_ack	2026-09-23T18:14:22.429280215Z	340	source	11	semisync-applier-paused-11	
client_ack	2026-09-23T18:14:22.451624715Z	362	source	12	semisync-applier-paused-12	
client_ack	2026-09-23T18:14:22.473819840Z	385	source	13	semisync-applier-paused-13	
client_ack	2026-09-23T18:14:22.496306257Z	407	source	14	semisync-applier-paused-14	
client_ack	2026-09-23T18:14:22.519057799Z	430	source	15	semisync-applier-paused-15	
client_ack	2026-09-23T18:14:22.541770716Z	453	source	16	semisync-applier-paused-16	
client_ack	2026-09-23T18:14:22.563805924Z	475	source	17	semisync-applier-paused-17	
client_ack	2026-09-23T18:14:22.586967257Z	498	source	18	semisync-applier-paused-18	
client_ack	2026-09-23T18:14:22.610598674Z	521	source	19	semisync-applier-paused-19	
client_ack	2026-09-23T18:14:22.633934424Z	545	source	20	semisync-applier-paused-20	
client_ack	2026-09-23T18:14:22.656187757Z	567	source	21	semisync-applier-paused-21	
client_ack	2026-09-23T18:14:22.679528924Z	590	source	22	semisync-applier-paused-22	
client_ack	2026-09-23T18:14:22.703301132Z	614	source	23	semisync-applier-paused-23	
client_ack	2026-09-23T18:14:22.726532632Z	637	source	24	semisync-applier-paused-24	
client_ack	2026-09-23T18:14:22.749717924Z	661	source	25	semisync-applier-paused-25	
client_ack	2026-09-23T18:14:22.772548257Z	683	source	26	semisync-applier-paused-26	
client_ack	2026-09-23T18:14:22.795665674Z	706	source	27	semisync-applier-paused-27	
client_ack	2026-09-23T18:14:22.819392841Z	730	source	28	semisync-applier-paused-28	
client_ack	2026-09-23T18:14:22.843355757Z	754	source	29	semisync-applier-paused-29	
client_ack	2026-09-23T18:14:22.867176299Z	778	source	30	semisync-applier-paused-30	
client_ack	2026-09-23T18:14:22.891932007Z	803	source	31	semisync-applier-paused-31	
client_ack	2026-09-23T18:14:22.914660882Z	825	source	32	semisync-applier-paused-32	
client_ack	2026-09-23T18:14:22.937586216Z	848	source	33	semisync-applier-paused-33	
client_ack	2026-09-23T18:14:22.960093132Z	871	source	34	semisync-applier-paused-34	
client_ack	2026-09-23T18:14:22.983024799Z	894	source	35	semisync-applier-paused-35	
client_ack	2026-09-23T18:14:23.007474716Z	918	source	36	semisync-applier-paused-36	
client_ack	2026-09-23T18:14:23.030472507Z	941	source	37	semisync-applier-paused-37	
client_ack	2026-09-23T18:14:23.056772924Z	968	source	38	semisync-applier-paused-38	
client_ack	2026-09-23T18:14:23.079188049Z	990	source	39	semisync-applier-paused-39	
client_ack	2026-09-23T18:14:23.101263591Z	1012	source	40	semisync-applier-paused-40	
client_ack	2026-09-23T18:14:23.123624299Z	1034	source	41	semisync-applier-paused-41	
client_ack	2026-09-23T18:14:23.146393466Z	1057	source	42	semisync-applier-paused-42	
client_ack	2026-09-23T18:14:23.168268591Z	1079	source	43	semisync-applier-paused-43	
client_ack	2026-09-23T18:14:23.190856841Z	1102	source	44	semisync-applier-paused-44	
client_ack	2026-09-23T18:14:23.213265216Z	1124	source	45	semisync-applier-paused-45	
client_ack	2026-09-23T18:14:23.235017299Z	1146	source	46	semisync-applier-paused-46	
client_ack	2026-09-23T18:14:23.256695758Z	1167	source	47	semisync-applier-paused-47	
client_ack	2026-09-23T18:14:23.278957258Z	1190	source	48	semisync-applier-paused-48	
client_ack	2026-09-23T18:14:23.302901633Z	1214	source	49	semisync-applier-paused-49	
client_ack	2026-09-23T18:14:23.326225466Z	1237	source	50	semisync-applier-paused-50	
client_ack	2026-09-23T18:14:23.353689799Z	1264	source	51	semisync-applier-paused-51	
client_ack	2026-09-23T18:14:23.376589133Z	1287	source	52	semisync-applier-paused-52	
client_ack	2026-09-23T18:14:23.399694549Z	1310	source	53	semisync-applier-paused-53	
client_ack	2026-09-23T18:14:23.423039341Z	1334	source	54	semisync-applier-paused-54	
client_ack	2026-09-23T18:14:23.445658424Z	1356	source	55	semisync-applier-paused-55	
client_ack	2026-09-23T18:14:23.468359258Z	1379	source	56	semisync-applier-paused-56	
client_ack	2026-09-23T18:14:23.491476341Z	1402	source	57	semisync-applier-paused-57	
client_ack	2026-09-23T18:14:23.514695008Z	1425	source	58	semisync-applier-paused-58	
client_ack	2026-09-23T18:14:23.537915799Z	1449	source	59	semisync-applier-paused-59	
client_ack	2026-09-23T18:14:23.560674258Z	1471	source	60	semisync-applier-paused-60	
client_ack	2026-09-23T18:14:23.583714174Z	1495	source	61	semisync-applier-paused-61	
client_ack	2026-09-23T18:14:23.606837216Z	1518	source	62	semisync-applier-paused-62	
client_ack	2026-09-23T18:14:23.630032341Z	1541	source	63	semisync-applier-paused-63	
client_ack	2026-09-23T18:14:23.653192091Z	1564	source	64	semisync-applier-paused-64	
client_ack	2026-09-23T18:14:23.676380841Z	1587	source	65	semisync-applier-paused-65	
client_ack	2026-09-23T18:14:23.699408841Z	1610	source	66	semisync-applier-paused-66	
client_ack	2026-09-23T18:14:23.722250508Z	1633	source	67	semisync-applier-paused-67	
client_ack	2026-09-23T18:14:23.745930966Z	1657	source	68	semisync-applier-paused-68	
client_ack	2026-09-23T18:14:23.768174299Z	1679	source	69	semisync-applier-paused-69	
client_ack	2026-09-23T18:14:23.790998508Z	1702	source	70	semisync-applier-paused-70	
client_ack	2026-09-23T18:14:23.813350841Z	1724	source	71	semisync-applier-paused-71	
client_ack	2026-09-23T18:14:23.835984174Z	1747	source	72	semisync-applier-paused-72	
client_ack	2026-09-23T18:14:23.858953174Z	1770	source	73	semisync-applier-paused-73	
client_ack	2026-09-23T18:14:23.881643549Z	1792	source	74	semisync-applier-paused-74	
client_ack	2026-09-23T18:14:23.904177716Z	1815	source	75	semisync-applier-paused-75	
client_ack	2026-09-23T18:14:23.926813633Z	1838	source	76	semisync-applier-paused-76	
client_ack	2026-09-23T18:14:23.949605133Z	1860	source	77	semisync-applier-paused-77	
client_ack	2026-09-23T18:14:23.972436466Z	1883	source	78	semisync-applier-paused-78	
client_ack	2026-09-23T18:14:23.995999258Z	1907	source	79	semisync-applier-paused-79	
client_ack	2026-09-23T18:14:24.019057841Z	1930	source	80	semisync-applier-paused-80	
client_ack	2026-09-23T18:14:24.041861258Z	1953	source	81	semisync-applier-paused-81	
client_ack	2026-09-23T18:14:24.064055091Z	1975	source	82	semisync-applier-paused-82	
client_ack	2026-09-23T18:14:24.087444008Z	1998	source	83	semisync-applier-paused-83	
client_ack	2026-09-23T18:14:24.111405508Z	2022	source	84	semisync-applier-paused-84	
client_ack	2026-09-23T18:14:24.134651675Z	2045	source	85	semisync-applier-paused-85	
client_ack	2026-09-23T18:14:24.158486258Z	2069	source	86	semisync-applier-paused-86	
client_ack	2026-09-23T18:14:24.181574716Z	2092	source	87	semisync-applier-paused-87	
client_ack	2026-09-23T18:14:24.205789550Z	2117	source	88	semisync-applier-paused-88	
client_ack	2026-09-23T18:14:24.230193800Z	2141	source	89	semisync-applier-paused-89	
client_ack	2026-09-23T18:14:24.252663466Z	2163	source	90	semisync-applier-paused-90	
client_ack	2026-09-23T18:14:24.274975550Z	2186	source	91	semisync-applier-paused-91	
client_ack	2026-09-23T18:14:24.298119341Z	2209	source	92	semisync-applier-paused-92	
client_ack	2026-09-23T18:14:24.320687300Z	2232	source	93	semisync-applier-paused-93	
client_ack	2026-09-23T18:14:24.343426508Z	2254	source	94	semisync-applier-paused-94	
client_ack	2026-09-23T18:14:24.366290841Z	2277	source	95	semisync-applier-paused-95	
client_ack	2026-09-23T18:14:24.389258716Z	2300	source	96	semisync-applier-paused-96	
client_ack	2026-09-23T18:14:24.412419925Z	2323	source	97	semisync-applier-paused-97	
client_ack	2026-09-23T18:14:24.435101091Z	2346	source	98	semisync-applier-paused-98	
client_ack	2026-09-23T18:14:24.458208425Z	2369	source	99	semisync-applier-paused-99	
client_ack	2026-09-23T18:14:24.480623591Z	2391	source	100	semisync-applier-paused-100	
client_ack	2026-09-23T18:14:24.503410008Z	2414	source	101	semisync-applier-paused-101	
client_ack	2026-09-23T18:14:24.526539383Z	2437	source	102	semisync-applier-paused-102	
client_ack	2026-09-23T18:14:24.549388508Z	2460	source	103	semisync-applier-paused-103	
client_ack	2026-09-23T18:14:24.572038925Z	2483	source	104	semisync-applier-paused-104	
client_ack	2026-09-23T18:14:24.594766175Z	2506	source	105	semisync-applier-paused-105	
client_ack	2026-09-23T18:14:24.619489592Z	2530	source	106	semisync-applier-paused-106	
client_ack	2026-09-23T18:14:24.642652758Z	2553	source	107	semisync-applier-paused-107	
client_ack	2026-09-23T18:14:24.665273717Z	2576	source	108	semisync-applier-paused-108	
client_ack	2026-09-23T18:14:24.688267717Z	2599	source	109	semisync-applier-paused-109	
client_ack	2026-09-23T18:14:24.710563133Z	2621	source	110	semisync-applier-paused-110	
client_ack	2026-09-23T18:14:24.733912217Z	2645	source	111	semisync-applier-paused-111	
client_ack	2026-09-23T18:14:24.756997008Z	2668	source	112	semisync-applier-paused-112	
client_ack	2026-09-23T18:14:24.779734550Z	2691	source	113	semisync-applier-paused-113	
client_ack	2026-09-23T18:14:24.802301842Z	2713	source	114	semisync-applier-paused-114	
client_ack	2026-09-23T18:14:24.824439717Z	2735	source	115	semisync-applier-paused-115	
client_ack	2026-09-23T18:14:24.846964300Z	2758	source	116	semisync-applier-paused-116	
client_ack	2026-09-23T18:14:24.868962342Z	2780	source	117	semisync-applier-paused-117	
client_ack	2026-09-23T18:14:24.891719883Z	2803	source	118	semisync-applier-paused-118	
client_ack	2026-09-23T18:14:24.914340592Z	2825	source	119	semisync-applier-paused-119	
client_ack	2026-09-23T18:14:24.937684883Z	2848	source	120	semisync-applier-paused-120	
client_ack	2026-09-23T18:14:24.960503092Z	2871	source	121	semisync-applier-paused-121	
client_ack	2026-09-23T18:14:24.982798550Z	2894	source	122	semisync-applier-paused-122	
client_ack	2026-09-23T18:14:25.005487342Z	2916	source	123	semisync-applier-paused-123	
client_ack	2026-09-23T18:14:25.028130883Z	2939	source	124	semisync-applier-paused-124	
client_ack	2026-09-23T18:14:25.050419342Z	2961	source	125	semisync-applier-paused-125	
client_ack	2026-09-23T18:14:25.072837925Z	2984	source	126	semisync-applier-paused-126	
client_ack	2026-09-23T18:14:25.095347925Z	3006	source	127	semisync-applier-paused-127	
client_ack	2026-09-23T18:14:25.117465633Z	3028	source	128	semisync-applier-paused-128	
client_ack	2026-09-23T18:14:25.140300467Z	3051	source	129	semisync-applier-paused-129	
client_ack	2026-09-23T18:14:25.162630258Z	3073	source	130	semisync-applier-paused-130	
client_ack	2026-09-23T18:14:25.184640342Z	3095	source	131	semisync-applier-paused-131	
client_ack	2026-09-23T18:14:25.206483258Z	3117	source	132	semisync-applier-paused-132	
client_ack	2026-09-23T18:14:25.229078717Z	3140	source	133	semisync-applier-paused-133	
client_ack	2026-09-23T18:14:25.251431842Z	3162	source	134	semisync-applier-paused-134	
client_ack	2026-09-23T18:14:25.273057883Z	3184	source	135	semisync-applier-paused-135	
client_ack	2026-09-23T18:14:25.295929050Z	3207	source	136	semisync-applier-paused-136	
client_ack	2026-09-23T18:14:25.318705092Z	3229	source	137	semisync-applier-paused-137	
client_ack	2026-09-23T18:14:25.343450717Z	3254	source	138	semisync-applier-paused-138	
client_ack	2026-09-23T18:14:25.367008759Z	3278	source	139	semisync-applier-paused-139	
client_ack	2026-09-23T18:14:25.390204342Z	3301	source	140	semisync-applier-paused-140	
client_ack	2026-09-23T18:14:25.414841842Z	3326	source	141	semisync-applier-paused-141	
client_ack	2026-09-23T18:14:25.441176259Z	3352	source	142	semisync-applier-paused-142	
client_ack	2026-09-23T18:14:25.464051509Z	3375	source	143	semisync-applier-paused-143	
client_ack	2026-09-23T18:14:25.486855717Z	3398	source	144	semisync-applier-paused-144	
client_ack	2026-09-23T18:14:25.513418175Z	3424	source	145	semisync-applier-paused-145	
client_ack	2026-09-23T18:14:25.536427925Z	3447	source	146	semisync-applier-paused-146	
client_ack	2026-09-23T18:14:25.559882300Z	3471	source	147	semisync-applier-paused-147	
client_ack	2026-09-23T18:14:25.582689509Z	3493	source	148	semisync-applier-paused-148	
client_ack	2026-09-23T18:14:25.608762342Z	3520	source	149	semisync-applier-paused-149	
client_ack	2026-09-23T18:14:25.634486592Z	3545	source	150	semisync-applier-paused-150	
client_ack	2026-09-23T18:14:25.665002134Z	3576	source	151	semisync-applier-paused-151	
client_ack	2026-09-23T18:14:25.690839342Z	3602	source	152	semisync-applier-paused-152	
client_ack	2026-09-23T18:14:25.714193759Z	3625	source	153	semisync-applier-paused-153	
client_ack	2026-09-23T18:14:25.738605050Z	3649	source	154	semisync-applier-paused-154	
client_ack	2026-09-23T18:14:25.761980925Z	3673	source	155	semisync-applier-paused-155	
client_ack	2026-09-23T18:14:25.784944384Z	3696	source	156	semisync-applier-paused-156	
client_ack	2026-09-23T18:14:25.808922967Z	3720	source	157	semisync-applier-paused-157	
client_ack	2026-09-23T18:14:25.833485300Z	3744	source	158	semisync-applier-paused-158	
client_ack	2026-09-23T18:14:25.859539800Z	3770	source	159	semisync-applier-paused-159	
client_ack	2026-09-23T18:14:25.883081092Z	3794	source	160	semisync-applier-paused-160	
client_ack	2026-09-23T18:14:25.907707634Z	3819	source	161	semisync-applier-paused-161	
client_ack	2026-09-23T18:14:25.931250634Z	3842	source	162	semisync-applier-paused-162	
client_ack	2026-09-23T18:14:25.954562467Z	3865	source	163	semisync-applier-paused-163	
client_ack	2026-09-23T18:14:25.977969509Z	3889	source	164	semisync-applier-paused-164	
client_ack	2026-09-23T18:14:26.001644092Z	3912	source	165	semisync-applier-paused-165	
client_ack	2026-09-23T18:14:26.025179467Z	3936	source	166	semisync-applier-paused-166	
client_ack	2026-09-23T18:14:26.048454759Z	3959	source	167	semisync-applier-paused-167	
client_ack	2026-09-23T18:14:26.072051759Z	3983	source	168	semisync-applier-paused-168	
client_ack	2026-09-23T18:14:26.095677842Z	4006	source	169	semisync-applier-paused-169	
client_ack	2026-09-23T18:14:26.120759884Z	4032	source	170	semisync-applier-paused-170	
client_ack	2026-09-23T18:14:26.145804926Z	4057	source	171	semisync-applier-paused-171	
client_ack	2026-09-23T18:14:26.171093009Z	4082	source	172	semisync-applier-paused-172	
client_ack	2026-09-23T18:14:26.197153009Z	4108	source	173	semisync-applier-paused-173	
client_ack	2026-09-23T18:14:26.222019259Z	4133	source	174	semisync-applier-paused-174	
client_ack	2026-09-23T18:14:26.248723551Z	4160	source	175	semisync-applier-paused-175	
client_ack	2026-09-23T18:14:26.275155426Z	4186	source	176	semisync-applier-paused-176	
client_ack	2026-09-23T18:14:26.300395009Z	4211	source	177	semisync-applier-paused-177	
client_ack	2026-09-23T18:14:26.327967342Z	4239	source	178	semisync-applier-paused-178	
client_ack	2026-09-23T18:14:26.352194009Z	4263	source	179	semisync-applier-paused-179	
client_ack	2026-09-23T18:14:26.374760051Z	4286	source	180	semisync-applier-paused-180	
client_ack	2026-09-23T18:14:26.398300676Z	4309	source	181	semisync-applier-paused-181	
client_ack	2026-09-23T18:14:26.421546217Z	4332	source	182	semisync-applier-paused-182	
client_ack	2026-09-23T18:14:26.444808884Z	4356	source	183	semisync-applier-paused-183	
client_ack	2026-09-23T18:14:26.468243467Z	4379	source	184	semisync-applier-paused-184	
client_ack	2026-09-23T18:14:26.491752426Z	4403	source	185	semisync-applier-paused-185	
client_ack	2026-09-23T18:14:26.515839717Z	4427	source	186	semisync-applier-paused-186	
client_ack	2026-09-23T18:14:26.541035384Z	4452	source	187	semisync-applier-paused-187	
client_ack	2026-09-23T18:14:26.565095176Z	4476	source	188	semisync-applier-paused-188	
client_ack	2026-09-23T18:14:26.588729509Z	4500	source	189	semisync-applier-paused-189	
client_ack	2026-09-23T18:14:26.613289676Z	4524	source	190	semisync-applier-paused-190	
client_ack	2026-09-23T18:14:26.636766467Z	4548	source	191	semisync-applier-paused-191	
client_ack	2026-09-23T18:14:26.660499926Z	4571	source	192	semisync-applier-paused-192	
client_ack	2026-09-23T18:14:26.684051467Z	4595	source	193	semisync-applier-paused-193	
client_ack	2026-09-23T18:14:26.707472342Z	4618	source	194	semisync-applier-paused-194	
client_ack	2026-09-23T18:14:26.730795718Z	4642	source	195	semisync-applier-paused-195	
client_ack	2026-09-23T18:14:26.754769176Z	4666	source	196	semisync-applier-paused-196	
client_ack	2026-09-23T18:14:26.780104801Z	4691	source	197	semisync-applier-paused-197	
client_ack	2026-09-23T18:14:26.807951843Z	4719	source	198	semisync-applier-paused-198	
client_ack	2026-09-23T18:14:26.835898759Z	4747	source	199	semisync-applier-paused-199	
client_ack	2026-09-23T18:14:26.861317301Z	4772	source	200	semisync-applier-paused-200	
client_ack	2026-09-23T18:14:26.888288468Z	4799	source	201	semisync-applier-paused-201	
client_ack	2026-09-23T18:14:26.915649801Z	4826	source	202	semisync-applier-paused-202	
client_ack	2026-09-23T18:14:26.941807759Z	4853	source	203	semisync-applier-paused-203	
client_ack	2026-09-23T18:14:26.971392259Z	4882	source	204	semisync-applier-paused-204	
client_ack	2026-09-23T18:14:26.995256426Z	4906	source	205	semisync-applier-paused-205	
client_ack	2026-09-23T18:14:27.018421134Z	4929	source	206	semisync-applier-paused-206	
client_ack	2026-09-23T18:14:27.041803384Z	4953	source	207	semisync-applier-paused-207	
client_ack	2026-09-23T18:14:27.066843468Z	4978	source	208	semisync-applier-paused-208	
client_ack	2026-09-23T18:14:27.089199801Z	5000	source	209	semisync-applier-paused-209	
client_ack	2026-09-23T18:14:27.112832968Z	5024	source	210	semisync-applier-paused-210	
client_ack	2026-09-23T18:14:27.134706051Z	5045	source	211	semisync-applier-paused-211	
client_ack	2026-09-23T18:14:27.156879384Z	5068	source	212	semisync-applier-paused-212	
client_ack	2026-09-23T18:14:27.179303926Z	5090	source	213	semisync-applier-paused-213	
client_ack	2026-09-23T18:14:27.201575968Z	5112	source	214	semisync-applier-paused-214	
client_ack	2026-09-23T18:14:27.223662551Z	5134	source	215	semisync-applier-paused-215	
client_ack	2026-09-23T18:14:27.247701009Z	5158	source	216	semisync-applier-paused-216	
client_ack	2026-09-23T18:14:27.271816301Z	5183	source	217	semisync-applier-paused-217	
client_ack	2026-09-23T18:14:27.295171176Z	5206	source	218	semisync-applier-paused-218	
client_ack	2026-09-23T18:14:27.317733426Z	5229	source	219	semisync-applier-paused-219	
client_ack	2026-09-23T18:14:27.340674718Z	5251	source	220	semisync-applier-paused-220	
client_ack	2026-09-23T18:14:27.366799509Z	5278	source	221	semisync-applier-paused-221	
client_ack	2026-09-23T18:14:27.392307926Z	5303	source	222	semisync-applier-paused-222	
client_ack	2026-09-23T18:14:27.415045093Z	5326	source	223	semisync-applier-paused-223	
client_ack	2026-09-23T18:14:27.437433051Z	5348	source	224	semisync-applier-paused-224	
client_ack	2026-09-23T18:14:27.460428635Z	5371	source	225	semisync-applier-paused-225	
client_ack	2026-09-23T18:14:27.483039260Z	5394	source	226	semisync-applier-paused-226	
client_ack	2026-09-23T18:14:27.506085135Z	5417	source	227	semisync-applier-paused-227	
client_ack	2026-09-23T18:14:27.528587968Z	5439	source	228	semisync-applier-paused-228	
client_ack	2026-09-23T18:14:27.551941635Z	5463	source	229	semisync-applier-paused-229	
client_ack	2026-09-23T18:14:27.575576343Z	5486	source	230	semisync-applier-paused-230	
client_ack	2026-09-23T18:14:27.597782718Z	5509	source	231	semisync-applier-paused-231	
client_ack	2026-09-23T18:14:27.621705468Z	5532	source	232	semisync-applier-paused-232	
client_ack	2026-09-23T18:14:27.645285551Z	5556	source	233	semisync-applier-paused-233	
client_ack	2026-09-23T18:14:27.668198135Z	5579	source	234	semisync-applier-paused-234	
client_ack	2026-09-23T18:14:27.691206051Z	5602	source	235	semisync-applier-paused-235	
client_ack	2026-09-23T18:14:27.714061051Z	5625	source	236	semisync-applier-paused-236	
client_ack	2026-09-23T18:14:27.737005426Z	5648	source	237	semisync-applier-paused-237	
client_ack	2026-09-23T18:14:27.759974051Z	5671	source	238	semisync-applier-paused-238	
client_ack	2026-09-23T18:14:27.783143468Z	5694	source	239	semisync-applier-paused-239	
client_ack	2026-09-23T18:14:27.806591968Z	5717	source	240	semisync-applier-paused-240	
client_ack	2026-09-23T18:14:27.831016301Z	5742	source	241	semisync-applier-paused-241	
client_ack	2026-09-23T18:14:27.855380176Z	5766	source	242	semisync-applier-paused-242	
client_ack	2026-09-23T18:14:27.878752968Z	5790	source	243	semisync-applier-paused-243	
client_ack	2026-09-23T18:14:27.901660676Z	5812	source	244	semisync-applier-paused-244	
client_ack	2026-09-23T18:14:27.925648135Z	5836	source	245	semisync-applier-paused-245	
client_ack	2026-09-23T18:14:27.956140801Z	5867	source	246	semisync-applier-paused-246	
client_ack	2026-09-23T18:14:27.979108885Z	5890	source	247	semisync-applier-paused-247	
client_ack	2026-09-23T18:14:28.001547426Z	5912	source	248	semisync-applier-paused-248	
client_ack	2026-09-23T18:14:28.024543510Z	5935	source	249	semisync-applier-paused-249	
client_ack	2026-09-23T18:14:28.047573926Z	5958	source	250	semisync-applier-paused-250	
client_ack	2026-09-23T18:14:28.070123468Z	5981	source	251	semisync-applier-paused-251	
client_ack	2026-09-23T18:14:28.093737551Z	6005	source	252	semisync-applier-paused-252	
client_ack	2026-09-23T18:14:28.118132302Z	6029	source	253	semisync-applier-paused-253	
client_ack	2026-09-23T18:14:28.142442260Z	6053	source	254	semisync-applier-paused-254	
client_ack	2026-09-23T18:14:28.166550093Z	6077	source	255	semisync-applier-paused-255	
client_ack	2026-09-23T18:14:28.191993093Z	6103	source	256	semisync-applier-paused-256	
client_ack	2026-09-23T18:14:28.216058135Z	6127	source	257	semisync-applier-paused-257	
client_ack	2026-09-23T18:14:28.238981802Z	6150	source	258	semisync-applier-paused-258	
client_ack	2026-09-23T18:14:28.262320093Z	6173	source	259	semisync-applier-paused-259	
client_ack	2026-09-23T18:14:28.285314093Z	6196	source	260	semisync-applier-paused-260	
client_ack	2026-09-23T18:14:28.308722593Z	6220	source	261	semisync-applier-paused-261	
client_ack	2026-09-23T18:14:28.332306302Z	6243	source	262	semisync-applier-paused-262	
client_ack	2026-09-23T18:14:28.355325135Z	6266	source	263	semisync-applier-paused-263	
client_ack	2026-09-23T18:14:28.378672093Z	6289	source	264	semisync-applier-paused-264	
client_ack	2026-09-23T18:14:28.402420260Z	6313	source	265	semisync-applier-paused-265	
client_ack	2026-09-23T18:14:28.425717343Z	6337	source	266	semisync-applier-paused-266	
client_ack	2026-09-23T18:14:28.449086218Z	6360	source	267	semisync-applier-paused-267	
client_ack	2026-09-23T18:14:28.472986677Z	6384	source	268	semisync-applier-paused-268	
client_ack	2026-09-23T18:14:28.496148468Z	6407	source	269	semisync-applier-paused-269	
client_ack	2026-09-23T18:14:28.519429260Z	6430	source	270	semisync-applier-paused-270	
client_ack	2026-09-23T18:14:28.542487885Z	6453	source	271	semisync-applier-paused-271	
client_ack	2026-09-23T18:14:28.565511843Z	6476	source	272	semisync-applier-paused-272	
client_ack	2026-09-23T18:14:28.589098010Z	6500	source	273	semisync-applier-paused-273	
client_ack	2026-09-23T18:14:28.614388052Z	6525	source	274	semisync-applier-paused-274	
client_ack	2026-09-23T18:14:28.642114343Z	6553	source	275	semisync-applier-paused-275	
client_ack	2026-09-23T18:14:28.670168052Z	6581	source	276	semisync-applier-paused-276	
client_ack	2026-09-23T18:14:28.695858802Z	6607	source	277	semisync-applier-paused-277	
client_ack	2026-09-23T18:14:28.720370760Z	6631	source	278	semisync-applier-paused-278	
client_ack	2026-09-23T18:14:28.747646052Z	6658	source	279	semisync-applier-paused-279	
client_ack	2026-09-23T18:14:28.774909218Z	6686	source	280	semisync-applier-paused-280	
client_ack	2026-09-23T18:14:28.805283385Z	6716	source	281	semisync-applier-paused-281	
client_ack	2026-09-23T18:14:28.832772427Z	6744	source	282	semisync-applier-paused-282	
client_ack	2026-09-23T18:14:28.858676219Z	6769	source	283	semisync-applier-paused-283	
client_ack	2026-09-23T18:14:28.883847260Z	6795	source	284	semisync-applier-paused-284	
client_ack	2026-09-23T18:14:28.908854344Z	6820	source	285	semisync-applier-paused-285	
client_ack	2026-09-23T18:14:28.936953344Z	6848	source	286	semisync-applier-paused-286	
client_ack	2026-09-23T18:14:28.961607177Z	6872	source	287	semisync-applier-paused-287	
client_ack	2026-09-23T18:14:28.984029969Z	6895	source	288	semisync-applier-paused-288	
client_ack	2026-09-23T18:14:29.006558260Z	6917	source	289	semisync-applier-paused-289	
client_ack	2026-09-23T18:14:29.029364344Z	6940	source	290	semisync-applier-paused-290	
client_ack	2026-09-23T18:14:29.052525635Z	6963	source	291	semisync-applier-paused-291	
write_failed	2026-09-23T18:14:29.101630427Z	7012	source	292	semisync-applier-paused-292	CommunicationsException
retry_inserted	2026-09-23T18:14:38.995753251Z	16907	replica1	292	semisync-applier-paused-292	
first_write_after_failover	2026-09-23T18:14:39.018457584Z	16930	replica1	293	semisync-applier-paused-293	
client_ack	2026-09-23T18:14:39.040938667Z	16953	replica1	294	semisync-applier-paused-294	
client_ack	2026-09-23T18:14:39.062676542Z	16974	replica1	295	semisync-applier-paused-295	
client_ack	2026-09-23T18:14:39.084511084Z	16996	replica1	296	semisync-applier-paused-296	
client_ack	2026-09-23T18:14:39.106677959Z	17018	replica1	297	semisync-applier-paused-297	
client_ack	2026-09-23T18:14:39.129393417Z	17041	replica1	298	semisync-applier-paused-298	
client_ack	2026-09-23T18:14:39.152167251Z	17064	replica1	299	semisync-applier-paused-299	
client_ack	2026-09-23T18:14:39.175601751Z	17087	replica1	300	semisync-applier-paused-300	
client_ack	2026-09-23T18:14:39.198806584Z	17110	replica1	301	semisync-applier-paused-301	
client_ack	2026-09-23T18:14:39.221394292Z	17133	replica1	302	semisync-applier-paused-302	
client_ack	2026-09-23T18:14:39.244872876Z	17157	replica1	303	semisync-applier-paused-303	
client_ack	2026-09-23T18:14:39.267482959Z	17179	replica1	304	semisync-applier-paused-304	
client_ack	2026-09-23T18:14:39.290268834Z	17202	replica1	305	semisync-applier-paused-305	
client_ack	2026-09-23T18:14:39.312756334Z	17224	replica1	306	semisync-applier-paused-306	
client_ack	2026-09-23T18:14:39.336042751Z	17248	replica1	307	semisync-applier-paused-307	
client_ack	2026-09-23T18:14:39.360418168Z	17272	replica1	308	semisync-applier-paused-308	
client_ack	2026-09-23T18:14:39.382538084Z	17294	replica1	309	semisync-applier-paused-309	
client_ack	2026-09-23T18:14:39.404205209Z	17316	replica1	310	semisync-applier-paused-310	
client_ack	2026-09-23T18:14:39.425752001Z	17337	replica1	311	semisync-applier-paused-311	
client_ack	2026-09-23T18:14:39.447419626Z	17359	replica1	312	semisync-applier-paused-312	
client_ack	2026-09-23T18:14:39.469309418Z	17381	replica1	313	semisync-applier-paused-313	
client_ack	2026-09-23T18:14:39.491883209Z	17404	replica1	314	semisync-applier-paused-314	
client_ack	2026-09-23T18:14:39.514217001Z	17426	replica1	315	semisync-applier-paused-315	
client_ack	2026-09-23T18:14:39.535919001Z	17448	replica1	316	semisync-applier-paused-316	
client_ack	2026-09-23T18:14:39.558173334Z	17470	replica1	317	semisync-applier-paused-317	
client_ack	2026-09-23T18:14:39.579888626Z	17492	replica1	318	semisync-applier-paused-318	
client_ack	2026-09-23T18:14:39.601864501Z	17514	replica1	319	semisync-applier-paused-319	
client_ack	2026-09-23T18:14:39.623941668Z	17536	replica1	320	semisync-applier-paused-320	
client_ack	2026-09-23T18:14:39.646456126Z	17558	replica1	321	semisync-applier-paused-321	
client_ack	2026-09-23T18:14:39.668262793Z	17580	replica1	322	semisync-applier-paused-322	
client_ack	2026-09-23T18:14:39.690364084Z	17602	replica1	323	semisync-applier-paused-323	
client_ack	2026-09-23T18:14:39.712020626Z	17624	replica1	324	semisync-applier-paused-324	
client_ack	2026-09-23T18:14:39.734191001Z	17646	replica1	325	semisync-applier-paused-325	
client_ack	2026-09-23T18:14:39.756130668Z	17668	replica1	326	semisync-applier-paused-326	
client_ack	2026-09-23T18:14:39.777935001Z	17690	replica1	327	semisync-applier-paused-327	
client_ack	2026-09-23T18:14:39.799882959Z	17712	replica1	328	semisync-applier-paused-328	
client_ack	2026-09-23T18:14:39.822472876Z	17734	replica1	329	semisync-applier-paused-329	
client_ack	2026-09-23T18:14:39.844854709Z	17757	replica1	330	semisync-applier-paused-330	
client_ack	2026-09-23T18:14:39.866982834Z	17779	replica1	331	semisync-applier-paused-331	
client_ack	2026-09-23T18:14:39.889298418Z	17801	replica1	332	semisync-applier-paused-332	
client_ack	2026-09-23T18:14:39.911809668Z	17823	replica1	333	semisync-applier-paused-333	
client_ack	2026-09-23T18:14:39.934772001Z	17846	replica1	334	semisync-applier-paused-334	
client_ack	2026-09-23T18:14:39.957647835Z	17869	replica1	335	semisync-applier-paused-335	
client_ack	2026-09-23T18:14:39.980761835Z	17892	replica1	336	semisync-applier-paused-336	
client_ack	2026-09-23T18:14:40.003561793Z	17915	replica1	337	semisync-applier-paused-337	
client_ack	2026-09-23T18:14:40.025628335Z	17937	replica1	338	semisync-applier-paused-338	
client_ack	2026-09-23T18:14:40.047921585Z	17960	replica1	339	semisync-applier-paused-339	
client_ack	2026-09-23T18:14:40.070767585Z	17982	replica1	340	semisync-applier-paused-340	
client_ack	2026-09-23T18:14:40.093888126Z	18006	replica1	341	semisync-applier-paused-341	
client_ack	2026-09-23T18:14:40.116675126Z	18028	replica1	342	semisync-applier-paused-342	
client_ack	2026-09-23T18:14:40.140062793Z	18052	replica1	343	semisync-applier-paused-343	
client_ack	2026-09-23T18:14:40.163465293Z	18075	replica1	344	semisync-applier-paused-344	
client_ack	2026-09-23T18:14:40.187520251Z	18099	replica1	345	semisync-applier-paused-345	
client_ack	2026-09-23T18:14:40.210758876Z	18122	replica1	346	semisync-applier-paused-346	
client_ack	2026-09-23T18:14:40.233457835Z	18145	replica1	347	semisync-applier-paused-347	
client_ack	2026-09-23T18:14:40.256291418Z	18168	replica1	348	semisync-applier-paused-348	
client_ack	2026-09-23T18:14:40.278939085Z	18191	replica1	349	semisync-applier-paused-349	
client_ack	2026-09-23T18:14:40.301759001Z	18213	replica1	350	semisync-applier-paused-350	
client_ack	2026-09-23T18:14:40.323960460Z	18236	replica1	351	semisync-applier-paused-351	
client_ack	2026-09-23T18:14:40.346000418Z	18258	replica1	352	semisync-applier-paused-352	
client_ack	2026-09-23T18:14:40.368736751Z	18280	replica1	353	semisync-applier-paused-353	
client_ack	2026-09-23T18:14:40.390639251Z	18302	replica1	354	semisync-applier-paused-354	
client_ack	2026-09-23T18:14:40.412678751Z	18324	replica1	355	semisync-applier-paused-355	
client_ack	2026-09-23T18:14:40.435073626Z	18347	replica1	356	semisync-applier-paused-356	
client_ack	2026-09-23T18:14:40.457480085Z	18369	replica1	357	semisync-applier-paused-357	
client_ack	2026-09-23T18:14:40.479306793Z	18391	replica1	358	semisync-applier-paused-358	
client_ack	2026-09-23T18:14:40.501379501Z	18413	replica1	359	semisync-applier-paused-359	
client_ack	2026-09-23T18:14:40.524135085Z	18436	replica1	360	semisync-applier-paused-360	
client_ack	2026-09-23T18:14:40.546231835Z	18458	replica1	361	semisync-applier-paused-361	
client_ack	2026-09-23T18:14:40.568526126Z	18480	replica1	362	semisync-applier-paused-362	
client_ack	2026-09-23T18:14:40.590216876Z	18502	replica1	363	semisync-applier-paused-363	
client_ack	2026-09-23T18:14:40.612686960Z	18524	replica1	364	semisync-applier-paused-364	
client_ack	2026-09-23T18:14:40.637568376Z	18549	replica1	365	semisync-applier-paused-365	
client_ack	2026-09-23T18:14:40.661318293Z	18573	replica1	366	semisync-applier-paused-366	
client_ack	2026-09-23T18:14:40.683670335Z	18595	replica1	367	semisync-applier-paused-367	
client_ack	2026-09-23T18:14:40.706588085Z	18618	replica1	368	semisync-applier-paused-368	
client_ack	2026-09-23T18:14:40.729209460Z	18641	replica1	369	semisync-applier-paused-369	
client_ack	2026-09-23T18:14:40.751669877Z	18663	replica1	370	semisync-applier-paused-370	
client_ack	2026-09-23T18:14:40.774290793Z	18686	replica1	371	semisync-applier-paused-371	
client_ack	2026-09-23T18:14:40.797548210Z	18709	replica1	372	semisync-applier-paused-372	
client_ack	2026-09-23T18:14:40.820960043Z	18733	replica1	373	semisync-applier-paused-373	
client_ack	2026-09-23T18:14:40.844182210Z	18756	replica1	374	semisync-applier-paused-374	
client_ack	2026-09-23T18:14:40.866682002Z	18778	replica1	375	semisync-applier-paused-375	
client_ack	2026-09-23T18:14:40.889203002Z	18801	replica1	376	semisync-applier-paused-376	
client_ack	2026-09-23T18:14:40.911728960Z	18823	replica1	377	semisync-applier-paused-377	
client_ack	2026-09-23T18:14:40.934669627Z	18846	replica1	378	semisync-applier-paused-378	
client_ack	2026-09-23T18:14:40.957122377Z	18869	replica1	379	semisync-applier-paused-379	
client_ack	2026-09-23T18:14:40.979164293Z	18891	replica1	380	semisync-applier-paused-380	
client_ack	2026-09-23T18:14:41.001970210Z	18914	replica1	381	semisync-applier-paused-381	
client_ack	2026-09-23T18:14:41.024051710Z	18936	replica1	382	semisync-applier-paused-382	
client_ack	2026-09-23T18:14:41.046606252Z	18958	replica1	383	semisync-applier-paused-383	
client_ack	2026-09-23T18:14:41.069667002Z	18981	replica1	384	semisync-applier-paused-384	
client_ack	2026-09-23T18:14:41.091737627Z	19003	replica1	385	semisync-applier-paused-385	
client_ack	2026-09-23T18:14:41.113805168Z	19025	replica1	386	semisync-applier-paused-386	
client_ack	2026-09-23T18:14:41.136399793Z	19048	replica1	387	semisync-applier-paused-387	
client_ack	2026-09-23T18:14:41.159597002Z	19071	replica1	388	semisync-applier-paused-388	
client_ack	2026-09-23T18:14:41.182125168Z	19094	replica1	389	semisync-applier-paused-389	
client_ack	2026-09-23T18:14:41.205464043Z	19117	replica1	390	semisync-applier-paused-390	
client_ack	2026-09-23T18:14:41.227880168Z	19140	replica1	391	semisync-applier-paused-391	
workload_stopped	2026-09-23T18:14:41.248478460Z	19160	replica1	391		
