replica	utc	mono_ms	source_acked_seq	replica_seq	seq_gap	seconds_behind_source	io_service_state	sql_running	received_not_applied	applying_trx_age_ms
replica1	2026-09-23T18:09:46.296905004Z	154	0	0	0	0	ON	Yes	0	0
replica2	2026-09-23T18:09:46.300230671Z	157	0	0	0	0	ON	Yes	1	0
replica1	2026-09-23T18:09:46.553185671Z	410	5	5	0	0	ON	Yes	0	0
replica2	2026-09-23T18:09:46.554598004Z	411	5	5	0	0	ON	Yes	0	0
replica1	2026-09-23T18:09:46.810571588Z	667	10	10	0	0	ON	Yes	0	0
replica2	2026-09-23T18:09:46.810572129Z	667	10	10	0	0	ON	Yes	0	0
replica1	2026-09-23T18:09:47.070035963Z	927	15	15	0	1	ON	Yes	0	0
replica2	2026-09-23T18:09:47.070023588Z	927	15	15	0	1	ON	Yes	0	0
replica2	2026-09-23T18:09:47.324441755Z	1181	20	20	0	0	ON	Yes	0	0
replica1	2026-09-23T18:09:47.324553713Z	1181	20	20	0	0	ON	Yes	0	0
replica1	2026-09-23T18:09:47.582862130Z	1440	25	25	0	0	ON	Yes	0	0
replica2	2026-09-23T18:09:47.582868088Z	1440	25	25	0	0	ON	Yes	0	0
replica2	2026-09-23T18:09:47.840786630Z	1698	30	30	0	0	ON	Yes	0	0
replica1	2026-09-23T18:09:47.840786588Z	1698	30	30	0	0	ON	Yes	0	0
replica2	2026-09-23T18:09:48.103203838Z	1960	35	35	0	0	ON	Yes	0	0
replica1	2026-09-23T18:09:48.103217338Z	1960	35	35	0	0	ON	Yes	0	0
replica2	2026-09-23T18:09:48.357194714Z	2214	40	40	0	0	ON	Yes	0	0
replica1	2026-09-23T18:09:48.357192047Z	2214	40	40	0	0	ON	Yes	0	0
replica2	2026-09-23T18:09:48.612708255Z	2469	45	45	0	0	ON	Yes	0	0
replica1	2026-09-23T18:09:48.612759547Z	2469	45	45	0	0	ON	Yes	0	0
replica1	2026-09-23T18:09:48.867575880Z	2724	50	50	0	0	ON	Yes	0	0
replica2	2026-09-23T18:09:48.867599797Z	2724	50	50	0	0	ON	Yes	0	0
replica2	2026-09-23T18:09:49.121834464Z	2979	55	55	0	1	ON	Yes	0	0
replica1	2026-09-23T18:09:49.121836214Z	2979	55	55	0	1	ON	Yes	0	0
replica1	2026-09-23T18:09:49.378290714Z	3235	60	59	1	0	ON	Yes	1	10
replica2	2026-09-23T18:09:49.379186547Z	3236	60	59	1	0	ON	Yes	1	11
replica1	2026-09-23T18:09:49.632705214Z	3489	64	64	0	0	ON	Yes	0	0
replica2	2026-09-23T18:09:49.632904839Z	3490	64	64	0	0	ON	Yes	0	0
replica2	2026-09-23T18:09:49.888270881Z	3745	69	69	0	0	ON	Yes	0	0
replica1	2026-09-23T18:09:49.888279006Z	3745	69	69	0	0	ON	Yes	0	0
replica1	2026-09-23T18:09:50.143921714Z	4001	74	74	0	1	ON	Yes	0	0
replica2	2026-09-23T18:09:50.143990256Z	4001	74	74	0	1	ON	Yes	0	0
replica2	2026-09-23T18:09:50.397856715Z	4255	79	79	0	0	ON	Yes	0	0
replica1	2026-09-23T18:09:50.397886548Z	4255	79	79	0	0	ON	Yes	0	0
replica1	2026-09-23T18:09:50.652711631Z	4509	84	84	0	0	ON	Yes	0	0
replica2	2026-09-23T18:09:50.652711715Z	4509	84	84	0	0	ON	Yes	0	0
replica2	2026-09-23T18:09:50.907524006Z	4764	89	89	0	0	ON	Yes	0	0
replica1	2026-09-23T18:09:50.907567381Z	4764	89	89	0	0	ON	Yes	0	0
replica1	2026-09-23T18:09:51.162365048Z	5019	94	94	0	0	ON	Yes	0	0
replica2	2026-09-23T18:09:51.162361673Z	5019	94	94	0	0	ON	Yes	0	0
replica2	2026-09-23T18:09:51.416905923Z	5274	99	99	0	0	ON	Yes	0	0
replica1	2026-09-23T18:09:51.416918007Z	5274	99	99	0	0	ON	Yes	0	0
replica2	2026-09-23T18:09:51.672322215Z	5529	104	104	0	0	ON	Yes	0	0
replica1	2026-09-23T18:09:51.672311340Z	5529	104	104	0	0	ON	Yes	0	0
replica1	2026-09-23T18:09:51.927966882Z	5785	109	109	0	0	ON	Yes	0	0
replica2	2026-09-23T18:09:51.927966924Z	5785	109	109	0	0	ON	Yes	0	0
replica1	2026-09-23T18:09:52.182603715Z	6039	113	113	0	0	ON	Yes	1	3
replica2	2026-09-23T18:09:52.182639965Z	6039	113	114	-1	0	ON	Yes	0	0
replica1	2026-09-23T18:09:52.436581632Z	6293	118	118	0	0	ON	Yes	0	0
replica2	2026-09-23T18:09:52.436631465Z	6293	118	118	0	0	ON	Yes	0	0
replica1	2026-09-23T18:09:52.689652716Z	6546	123	123	0	0	ON	Yes	0	0
replica2	2026-09-23T18:09:52.689647132Z	6546	123	123	0	0	ON	Yes	0	0
replica1	2026-09-23T18:09:52.944065466Z	6801	128	128	0	0	ON	Yes	0	0
replica2	2026-09-23T18:09:52.944065382Z	6801	128	128	0	0	ON	Yes	0	0
replica2	2026-09-23T18:09:53.198977924Z	7056	133	133	0	0	ON	Yes	0	0
replica1	2026-09-23T18:09:53.199086299Z	7056	133	133	0	0	ON	Yes	0	0
replica1	2026-09-23T18:09:53.453931591Z	7311	138	138	0	0	ON	Yes	0	0
replica2	2026-09-23T18:09:53.454076133Z	7311	138	138	0	0	ON	Yes	0	0
replica1	2026-09-23T18:09:53.708482258Z	7565	143	143	0	0	ON	Yes	0	0
replica2	2026-09-23T18:09:53.708509633Z	7565	143	143	0	0	ON	Yes	0	0
replica1	2026-09-23T18:09:53.962797050Z	7819	148	148	0	0	ON	Yes	0	0
replica2	2026-09-23T18:09:53.962774133Z	7819	148	148	0	0	ON	Yes	0	0
replica2	2026-09-23T18:09:54.217404675Z	8074	153	153	0	1	ON	Yes	0	0
replica1	2026-09-23T18:09:54.217474550Z	8074	153	153	0	1	ON	Yes	0	0
replica2	2026-09-23T18:09:54.470088216Z	8327	158	158	0	0	ON	Yes	0	0
replica1	2026-09-23T18:09:54.470076425Z	8327	158	158	0	0	ON	Yes	0	0
replica1	2026-09-23T18:09:54.723534342Z	8580	162	162	0	0	ON	Yes	0	0
replica2	2026-09-23T18:09:54.723635842Z	8580	162	162	0	0	ON	Yes	0	0
replica2	2026-09-23T18:09:54.977356967Z	8834	167	167	0	0	ON	Yes	0	0
replica1	2026-09-23T18:09:54.977774092Z	8834	167	167	0	0	ON	Yes	0	0
replica2	2026-09-23T18:09:55.235037550Z	9092	172	172	0	0	ON	Yes	0	0
replica1	2026-09-23T18:09:55.235084967Z	9092	172	172	0	0	ON	Yes	0	0
replica1	2026-09-23T18:09:55.492120217Z	9349	177	177	0	0	ON	Yes	0	0
replica2	2026-09-23T18:09:55.492120175Z	9349	177	177	0	0	ON	Yes	0	0
replica2	2026-09-23T18:09:55.749916884Z	9607	182	182	0	0	ON	Yes	0	0
replica1	2026-09-23T18:09:55.750614717Z	9607	182	182	0	0	ON	Yes	0	0
replica1	2026-09-23T18:09:56.006719384Z	9863	187	187	0	1	ON	Yes	0	0
replica2	2026-09-23T18:09:56.006759676Z	9863	187	187	0	1	ON	Yes	0	0
replica2	2026-09-23T18:09:56.263378051Z	10120	192	192	0	0	ON	Yes	0	0
replica1	2026-09-23T18:09:56.264352592Z	10121	192	192	0	0	ON	Yes	0	0
replica2	2026-09-23T18:09:56.516874426Z	10374	197	197	0	0	ON	Yes	0	0
replica1	2026-09-23T18:09:56.517712676Z	10374	197	197	0	0	ON	Yes	0	0
replica2	2026-09-23T18:09:56.772776426Z	10629	201	201	0	0	ON	Yes	1	0
replica1	2026-09-23T18:09:56.772716009Z	10629	201	201	0	0	ON	Yes	1	3
replica2	2026-09-23T18:09:57.030404218Z	10887	206	206	0	1	ON	Yes	0	0
replica1	2026-09-23T18:09:57.030354301Z	10887	206	206	0	1	ON	Yes	0	0
replica1	2026-09-23T18:09:57.287873218Z	11145	211	211	0	0	ON	Yes	0	0
replica2	2026-09-23T18:09:57.287922968Z	11145	211	211	0	0	ON	Yes	0	0
replica2	2026-09-23T18:09:57.544366551Z	11401	216	216	0	0	ON	Yes	0	0
replica1	2026-09-23T18:09:57.544327426Z	11401	216	216	0	0	ON	Yes	0	0
replica1	2026-09-23T18:09:57.799120801Z	11656	221	221	0	0	ON	Yes	0	0
replica2	2026-09-23T18:09:57.799349676Z	11656	221	221	0	0	ON	Yes	0	0
replica1	2026-09-23T18:09:58.058411218Z	11915	226	226	0	0	ON	Yes	0	0
replica2	2026-09-23T18:09:58.058492343Z	11915	226	226	0	0	ON	Yes	0	0
replica1	2026-09-23T18:09:58.314603260Z	12171	231	231	0	0	ON	Yes	0	0
replica2	2026-09-23T18:09:58.314797927Z	12171	231	231	0	0	ON	Yes	0	0
